{"train_losses": [0.5030377209186554, 0.49849579731623334, 0.4977659285068512, 0.4975890815258026, 0.4973417818546295, 0.4964750607808431, 0.49422839283943176, 0.49086130658785504, 0.48365144928296405, 0.4753626485665639, 0.45938270290692645, 0.43919174869855243, 0.40546512603759766, 0.3638778626918793, 0.32752923170725506, 0.311265508333842, 0.3016498287518819, 0.2932490607102712, 0.28846558928489685, 0.284122109413147, 0.2802690664927165, 0.27724706133206684, 0.2744460602601369, 0.2706066866715749, 0.26920775572458905, 0.2671727240085602, 0.26745640238126117, 0.2670896550019582, 0.2666001121203105, 0.26636528968811035, 0.2664974431196849, 0.2661487360795339, 0.26602380474408466, 0.2655899425347646, 0.26546252767244977, 0.26515235503514606, 0.2654358943303426, 0.26493677496910095, 0.26477864384651184, 0.26518547534942627, 0.264785498380661, 0.2648171583811442, 0.26487741867701214, 0.2651480237642924, 0.26450928052266437, 0.26503674189249676, 0.26458457112312317, 0.2647629181543986, 0.2650150954723358, 0.2646205723285675], "train_scores": [0.6522629062334696, 0.6544147729873657, 0.6536378264427185, 0.6535375813643137, 0.6533261040846506, 0.6522799332936605, 0.6543434858322144, 0.6572784781455994, 0.6517255405584971, 0.6300895114739736, 0.6383783717950186, 0.6410490473111471, 0.6721076865990957, 0.7094328204790751, 0.7345293760299683, 0.7478162248929342, 0.7560101648171743, 0.765659878651301, 0.7703997393449148, 0.773762583732605, 0.7760654290517172, 0.7774029473463694, 0.7779268225034078, 0.7807414631048838, 0.7802479565143585, 0.7818589309851328, 0.781214714050293, 0.7816530962785085, 0.7819080054759979, 0.7822000284989675, 0.781615138053894, 0.7821581264336904, 0.7821553150812784, 0.7824508547782898, 0.782353421052297, 0.782697598139445, 0.7821100453535715, 0.7826888859272003, 0.7825094858805338, 0.7822576661904653, 0.7829665740331014, 0.7826922535896301, 0.7826623121897379, 0.78213170170784, 0.782895565032959, 0.7824931740760803, 0.7830312450726827, 0.7825059692064921, 0.7823064625263214, 0.7828438381354014], "val_losses": [0.4983644286791484, 0.49819983541965485, 0.4977345789472262, 0.49745163321495056, 0.4970441311597824, 0.49477309733629227, 0.49270715067783993, 0.4864400178194046, 0.4814342111349106, 0.46482666830221814, 0.44692588597536087, 0.41506659736235935, 0.3898439481854439, 0.34112268686294556, 0.3183617790540059, 0.3067397475242615, 0.29750870416561764, 0.29151834547519684, 0.28651657948891324, 0.2823648750782013, 0.2806249111890793, 0.27579854677120846, 0.27224279195070267, 0.26989078770081204, 0.26835105816523236, 0.26764115691185, 0.2670220037301381, 0.2667907203237216, 0.2667538101474444, 0.2666764085491498, 0.26633252451817196, 0.266047865152359, 0.26588895668586093, 0.2657791127761205, 0.26557862013578415, 0.26529355595509213, 0.2651302218437195, 0.2650959442059199, 0.26507702469825745, 0.265055683751901, 0.26503752668698627, 0.2650185475746791, 0.26499707748492557, 0.2649664754668872, 0.2649408131837845, 0.26492583751678467, 0.2649119943380356, 0.26489632328351337, 0.264868400990963, 0.26483751833438873], "val_scores": [0.653228260576725, 0.6540532931685448, 0.6540532931685448, 0.6540532931685448, 0.6540532931685448, 0.6540532931685448, 0.6540532931685448, 0.6634677797555923, 0.6424314131339391, 0.6330877964695295, 0.63734849045674, 0.6619644910097122, 0.6900465240081152, 0.7236163963874181, 0.7433603753646215, 0.7510629271467527, 0.7614441687862078, 0.7681299050649008, 0.7725919435421625, 0.7752436300118765, 0.7750338589151701, 0.778360423942407, 0.7800504167874655, 0.7808484509587288, 0.7809564297397932, 0.7815880005558332, 0.782153770327568, 0.7822443147500356, 0.7820795327425003, 0.7820266683896383, 0.7822415033976237, 0.7824670275052389, 0.782469833890597, 0.7824394603570303, 0.7824985111753145, 0.7826554303367933, 0.7827206676205, 0.7827268491188685, 0.7827397882938385, 0.7827499061822891, 0.7827577764789263, 0.7827504699428877, 0.7827549700935682, 0.7827875862518946, 0.7828038980563482, 0.7827864562471708, 0.7828033367792765, 0.7827870299418768, 0.7828179573019346, 0.7828320190310478]}