{"train_losses": [0.5345420241355896, 0.504576692978541, 0.4949626723925273, 0.49045143524805707, 0.4879101316134135, 0.48699010411898297, 0.4863579471906026, 0.486212819814682, 0.4870980978012085, 0.48689239223798114, 0.4855001966158549, 0.48490018645922345, 0.48413558801015216, 0.4840270479520162, 0.4829123516877492, 0.48318620522816974, 0.48238274455070496, 0.4820142189661662, 0.4825087785720825, 0.4817325373490651, 0.4797851542631785, 0.4808124303817749, 0.4786113500595093, 0.4790922502676646, 0.47810904184977215, 0.4789567788441976, 0.4769831796487172, 0.47800586620966595, 0.4772904912630717, 0.4769795536994934, 0.4772467116514842, 0.47658205032348633, 0.4766556719938914, 0.47649839520454407, 0.47672656178474426, 0.47627421220143634, 0.47635653614997864, 0.47554002205530804, 0.47547397017478943, 0.47549662987391156, 0.47435568769772846, 0.4733550250530243, 0.4716167350610097, 0.4682369530200958, 0.46571532885233563, 0.4632336695988973, 0.45997747778892517, 0.4590802788734436, 0.4562791387240092, 0.44529373447100323, 0.42407599091529846, 0.4152466952800751, 0.4095150828361511, 0.4040923019250234, 0.39935670296351117, 0.3933749298254649, 0.3894493182500203, 0.38318466146787006, 0.3788702090581258, 0.3755440314610799, 0.37258878350257874, 0.36885149280230206, 0.36674567063649494, 0.3641517162322998, 0.362466037273407, 0.35956572492917377, 0.35883431633313495, 0.3570277790228526, 0.35569806893666583, 0.3532390793164571, 0.35308122634887695, 0.3508129318555196, 0.3502415021260579, 0.34902342160542804, 0.34738805890083313, 0.34747110803922016, 0.3461025257905324, 0.34740373492240906, 0.3454546133677165, 0.3466860850652059, 0.34651432434717816, 0.34592506289482117, 0.3462961216767629, 0.34645843505859375, 0.3451070884863536, 0.34623876214027405, 0.3453143735726674, 0.34613303343455, 0.34515126546223956, 0.3454933762550354, 0.34495362639427185, 0.3447370131810506, 0.34476927916208905, 0.34489033619562787, 0.34501340985298157, 0.3440026541550954, 0.3447256187597911, 0.3437736729780833, 0.34478623668352765, 0.3439369897047679], "train_scores": [0.619975303610166, 0.6049177596966425, 0.6620771189530691, 0.6622549593448639, 0.6572720110416412, 0.6491295297940572, 0.6472563445568085, 0.6492421329021454, 0.6444488565127054, 0.6353121995925903, 0.6379052599271139, 0.6363773743311564, 0.6344632705052694, 0.6245479683081309, 0.6242438654104868, 0.6161012450853983, 0.6139004528522491, 0.6126581231753031, 0.6087223589420319, 0.6057344973087311, 0.6064334015051523, 0.6024808883666992, 0.6033866306145986, 0.6001132130622864, 0.6055016616980234, 0.5868920187155405, 0.6061479945977529, 0.6077120006084442, 0.6061604817708334, 0.5980270206928253, 0.5969034930070242, 0.6042523086071014, 0.6061223944028219, 0.6058576504389445, 0.6050532956918081, 0.6071736613909403, 0.6074302395184835, 0.6092394689718882, 0.6092231472333273, 0.6088400284449259, 0.6083200971285502, 0.608639250199, 0.6057703296343485, 0.6098114351431528, 0.619714766740799, 0.6217594842116038, 0.6248527963956197, 0.6248619357744852, 0.6240761379400889, 0.6104150315125784, 0.6261374354362488, 0.6404029925664266, 0.6450101236502329, 0.650742749373118, 0.657259076833725, 0.6658100088437399, 0.6722076535224915, 0.6825011670589447, 0.690432200829188, 0.695519894361496, 0.6981909771760305, 0.7022704382737478, 0.7040107746918997, 0.7070991694927216, 0.7086609403292338, 0.7116814057032267, 0.7118532160917918, 0.7135656972726186, 0.7147456109523773, 0.7171748677889506, 0.7171565989653269, 0.7199093798796335, 0.7207307517528534, 0.7221225500106812, 0.724004884560903, 0.7236151198546091, 0.7252120474974314, 0.7237726052602133, 0.7261362075805664, 0.7245107392470042, 0.7248916228612264, 0.7254458665847778, 0.7249451875686646, 0.7248052954673767, 0.7263295352458954, 0.725042074918747, 0.7262029846509298, 0.7251350084940592, 0.7262810369332632, 0.7259364227453867, 0.7264843384424845, 0.7267224987347921, 0.7265379031499227, 0.7265103459358215, 0.7262162069479624, 0.7273682753245035, 0.7265741725762686, 0.7276833554108938, 0.7264100809892019, 0.7273990511894226], "val_losses": [0.5273319880167643, 0.496603029469649, 0.4919983521103859, 0.4889453897873561, 0.48721573998530704, 0.48656674722830456, 0.48644793530305225, 0.48707613597313565, 0.4874216268459956, 0.48711784432331723, 0.4859458605448405, 0.48512332141399384, 0.48479873687028885, 0.48451780527830124, 0.48422378301620483, 0.48392868787050247, 0.48363299419482547, 0.4831826488176982, 0.48325801889101666, 0.48228152344624203, 0.48158464084068936, 0.48062880833943683, 0.4799238592386246, 0.47928863763809204, 0.4803226888179779, 0.4786871100465457, 0.47924469659725827, 0.4789089063803355, 0.4784138525525729, 0.47827257464329404, 0.47816358506679535, 0.47817952930927277, 0.4779888167977333, 0.47779730210701626, 0.47764235238234204, 0.4775203342239062, 0.4772893066207568, 0.4769987265268962, 0.4766084278623263, 0.47597334533929825, 0.4749956702192624, 0.47334816803534824, 0.4708285431067149, 0.4676939472556114, 0.46481577306985855, 0.4625888740022977, 0.4607142185171445, 0.4590144107739131, 0.45135123779376346, 0.4289472947518031, 0.41911716262499493, 0.41337259858846664, 0.4080693299571673, 0.40248921016852063, 0.397252656519413, 0.39207688470681507, 0.38713082174460095, 0.3824964761734009, 0.3783633808294932, 0.374713234603405, 0.37153778970241547, 0.36878717442353565, 0.3663390402992566, 0.3642306675513585, 0.3622820054491361, 0.360507071018219, 0.35885247339804965, 0.35728613535563153, 0.3558088590701421, 0.35440244028965634, 0.3530534928043683, 0.35175455113252, 0.3505268767476082, 0.3493172849218051, 0.3481483111778895, 0.34803174684445065, 0.34792142113049823, 0.3478028823932012, 0.34769225617249805, 0.34757813066244125, 0.34746258705854416, 0.3473433231314023, 0.34722452610731125, 0.34710757186015445, 0.34698833525180817, 0.3468739812572797, 0.3467563862601916, 0.34663942207892734, 0.34652066230773926, 0.34640486786762875, 0.3462843671441078, 0.3461655726035436, 0.3460439667105675, 0.3459242482980092, 0.3458005487918854, 0.3456742540001869, 0.3455488656957944, 0.3454271579782168, 0.34530215958754223, 0.3451843708753586],