{"train_losses": [0.7069645111377423, 0.6922818926664499, 0.6908202813221858, 0.6905701618928176, 0.6903198957443237, 0.6901739927438589, 0.6901488395837637, 0.6901341172365042, 0.6901314487824073, 0.6901288170080918], "train_ssim_scores": [0.8542152322255648, 0.8572057393880991, 0.8575054177871118, 0.8575565402324383, 0.8576076122430655, 0.8576375383597153, 0.8576426735291114, 0.8576456583463229, 0.8576462177129892, 0.8576467358149015], "val_losses": [0.6993094682693481, 0.6967896620432535, 0.696537971496582, 0.6962862610816956, 0.6960348884264628, 0.6960095763206482, 0.6959843635559082, 0.6959816416104635, 0.6959789991378784, 0.6959763566652933], "val_ssim_scores": [0.8587735692660013, 0.8592825531959534, 0.8593334356943766, 0.85938427845637, 0.8594350417455038, 0.8594401478767395, 0.8594452540079752, 0.8594458103179932, 0.8594462871551514, 0.8594468633333842]}