{"train_losses": [0.6289530775763772, 0.6134124289859425, 0.5983162359757856, 0.5838908065449108, 0.5701249404387041, 0.5565065308050676, 0.5430857105688616, 0.5297956954349171, 0.5160212733528831, 0.5021219687028364, 0.4886991571296345, 0.47463282671841706, 0.46683004769411957, 0.4651291858066212, 0.46396388790824195, 0.46264267238703644, 0.4612093594941226, 0.4598079865629023, 0.45862171866677026, 0.45720840855078265, 0.4560195668177171, 0.4547229165380651, 0.45340737158601935, 0.4519463994286277, 0.45064333894036035, 0.4498141380873593, 0.4497341242703525, 0.4498044333674691, 0.449450747533278, 0.4492953202941201, 0.4493588317524303, 0.44912445274266327, 0.4489212930202484, 0.4486713301051747, 0.4487334435636347, 0.44860404187982733, 0.4485719258135015, 0.44820724021304736, 0.44801794398914685, 0.4478940476070751, 0.4479211379181255, 0.447787807746367, 0.4474737508730455, 0.44747936725616455, 0.4474468393759294, 0.4474018459970301, 0.44708845019340515, 0.447040931745009, 0.4467766366221688, 0.44680259986357257, 0.44675514643842523, 0.4464586756446145, 0.4466530138796026, 0.44656757333061914, 0.4465380988337777, 0.4466584026813507, 0.4464243623343381, 0.4465084401043979, 0.44670604304833844, 0.44640454378995026, 0.44636037132956763, 0.44657554951581085, 0.44640415094115515, 0.44644825566898694, 0.44637626680460846, 0.44631155783479864, 0.44656727530739526, 0.4463517205281691, 0.44621694629842584, 0.44638143344358966, 0.4463230154731057, 0.44640556519681757, 0.4463227526708083, 0.44630812514912, 0.4462617906657132, 0.44632532921704376, 0.4463936009190299, 0.44624810869043524, 0.4460591511292891, 0.4463070603934201, 0.44628801400011237, 0.44615916230461816, 0.4461607499556108, 0.4461545700376684, 0.44639760797674005, 0.4460830200802196, 0.44619668342850427, 0.4461375691673972, 0.44617734172127466, 0.4462612433867021, 0.4460921450094743, 0.4463729777119376, 0.4462860118259083, 0.4463610730387948, 0.4463255324146964, 0.446127634156834, 0.4462309886108745, 0.44598074934699317, 0.44608246738260443, 0.44655359062281524], "train_ssim_scores": [0.8699573874473572, 0.8734190355647694, 0.876612744548104, 0.8796802488240328, 0.882690505547957, 0.8856476003473456, 0.8886423056775873, 0.8917152014645663, 0.8948424621061846, 0.8981755213303999, 0.9015761017799377, 0.9046435898000543, 0.9066860729997809, 0.9068852283737876, 0.9072765003551136, 0.9075957645069469, 0.9078752777793191, 0.9081639810041948, 0.9085395227779042, 0.9088207970965992, 0.9091985930096019, 0.9094978950240395, 0.9098048643632368, 0.9100769541480325, 0.9103921109979803, 0.9105720736763694, 0.9106180776249279, 0.9107238054275513, 0.9106748320839622, 0.9106909307566556, 0.9107976501638239, 0.910782050002705, 0.9107959866523743, 0.9107953255826776, 0.9108962958509271, 0.9109070463614031, 0.910980609330264, 0.9109307473356073, 0.9109683578664606, 0.9109954183751886, 0.911077006296678, 0.9110969846898859, 0.9110908995975148, 0.9111548824743791, 0.9112135442820463, 0.9112590443004261, 0.9112317074428905, 0.911302777853879, 0.9112892638553273, 0.91139094396071, 0.9113994240760803, 0.9113056497140364, 0.9113786870783026, 0.9113423228263855, 0.9113720059394836, 0.9114175709811124, 0.9113604697314176, 0.911379792473533, 0.9114604809067466, 0.9113863869146868, 0.911362268707969, 0.9114295406775041, 0.9113973595879294, 0.9114150892604481, 0.9113980640064586, 0.9113646691495721, 0.9114496870474382, 0.9114199226552789, 0.9113775437528436, 0.9114291397008029, 0.9114084460518577, 0.9114322499795393, 0.9114060997962952, 0.9114295190030878, 0.9114412719553168, 0.9114674871618097, 0.9114586385813627, 0.9114334908398715, 0.9113792993805625, 0.911435371095484, 0.9114466580477628, 0.9113947315649553, 0.9114109386097301, 0.9114186601205305, 0.9114744121378119, 0.9113798791711981, 0.9114254062825983, 0.9114151109348644, 0.9114201881668784, 0.9114104780283842, 0.9114054929126393, 0.9114790883931246, 0.9114598089998419, 0.9114762815562162, 0.9114654335108671, 0.9114151542836969, 0.9114506244659424, 0.9113829298452898, 0.9113992777737704, 0.9115457372231917], "val_losses": [0.6195995314367886, 0.604267588977156, 0.5896886957102808, 0.5757304861627776, 0.5621258760320729, 0.5486376593852865, 0.5352529184571628, 0.5217243227465399, 0.5078823134816927, 0.4940195546067994, 0.48024851597588636, 0.4665914588961108, 0.46524450902281134, 0.46388557142224807, 0.46252032086767, 0.46119464163122503, 0.45985041199059323, 0.4585261252419702, 0.4572157633715662, 0.4558776688986811, 0.45457381832188576, 0.4532007112585265, 0.45190577157612505, 0.450576148156462, 0.44928151677394734, 0.4491228923715394, 0.4489783141119727, 0.4488582919383871, 0.44873694510295475, 0.44862404260142097, 0.44845521552809353, 0.4483261735274874, 0.4481897734362504, 0.44809336703399133, 0.4479367712448383, 0.4477800788550541, 0.44768294280972976, 0.4475384416251347, 0.4474330924708268, 0.44726368373837966, 0.4471345256114828, 0.4469955727971833, 0.4469008260759814, 0.44673828832034407, 0.44659158176389235, 0.4464888922099409, 0.4463493166298702, 0.4462341131835148, 0.44607077076517304, 0.44594362891953565, 0.44593798394860895, 0.4459313030900626, 0.4459269283146694, 0.4459120477068013, 0.4458824108386862, 0.4458672548162526, 0.4458501184808797, 0.4458286577257617, 0.4458156197235502, 0.44579796338903493, 0.4457901880658906, 0.4457821640475043, 0.4457664767215992, 0.4457634923786953, 0.44575107508692247, 0.44574304181953955, 0.44573380926559714, 0.44572036636286766, 0.44571760399588223, 0.44569762102488814, 0.4456857072895971, 0.4456722582208699, 0.4456599447233924, 0.44564174989174155, 0.4456221995682552, 0.4456208636020792, 0.44562085640841514, 0.4456199859750682, 0.4456184383096366, 0.4456176870855792, 0.445609201645029, 0.44560813698275337, 0.44560720283409644, 0.4456058915319114, 0.4455907375648104, 0.44559040665626526, 0.4455900038110799, 0.4455893923496378, 0.44558832460436326, 0.4455879094271824, 0.4455844420811226, 0.44558168793546743, 0.4455815759198419, 0.4455803406649622, 0.4455801998746806, 0.44558020809601095, 0.4455783223283702, 0.44557700691552, 0.4455758045459616, 0.4455754109497728],