{"train_losses": [0.5206805964310964, 0.5000026126702627, 0.4971611499786377, 0.49722198645273846, 0.49730584025382996, 0.49724406003952026, 0.4969662328561147, 0.496653546889623, 0.5222025513648987, 0.49677473306655884, 0.49670466780662537, 0.4963337481021881, 0.49615182479222614, 0.49601303537686664, 0.49591617782910663, 0.4958885908126831, 0.49579007426897687, 0.49580372373263043, 0.4956577718257904, 0.4957239230473836, 0.4956595301628113, 0.49559567372004193, 0.49556954701741535, 0.4955078860123952, 0.49550794561704, 0.4954415758450826, 0.4954006274541219, 0.4954718351364136, 0.4954598347345988, 0.4954335590203603, 0.4954299032688141, 0.4954524636268616, 0.495368351538976, 0.4953758915265401, 0.49548837542533875, 0.4953429400920868, 0.49537393450737, 0.49533971150716144, 0.49544859925905865, 0.49533797303835553, 0.4953371187051137, 0.49542906880378723, 0.49521002173423767, 0.4953705171744029, 0.49527360995610553, 0.4952995677789052, 0.49529463052749634, 0.49534433086713153, 0.495224525531133, 0.49527508020401, 0.49521389603614807, 0.4951565166314443, 0.49537065625190735, 0.4951731165250142, 0.49525781472524005, 0.49523723125457764, 0.495206485191981, 0.49523256222407025, 0.49521054824193317, 0.4951908787091573, 0.49525679151217145, 0.4952791631221771, 0.4951139489809672, 0.49527227878570557, 0.4951913058757782, 0.4952158033847809, 0.4952602684497833, 0.4952012797196706, 0.4952575167020162, 0.4951469997564952, 0.49524951974550885, 0.4951890210310618, 0.4951405922571818, 0.4952669143676758, 0.4950890044371287, 0.49523891011873883, 0.495185911655426, 0.4952144722143809, 0.4951428274313609, 0.4952477018038432, 0.49513953924179077, 0.4952618181705475, 0.4952395757039388, 0.49515172839164734, 0.4951729675134023, 0.49518440167109173, 0.49517401059468585, 0.4951998194058736, 0.49523982405662537, 0.49519633253415424, 0.49522167444229126, 0.4952166676521301, 0.49510135253270465, 0.49521733323733014, 0.4951223134994507, 0.4952280521392822, 0.49519668022791546, 0.4951598544915517, 0.4952179590861003, 0.49517374237378436], "train_scores": [0.5037825206915537, 0.6625541647275289, 0.6632509728272756, 0.6597635547320048, 0.6599879562854767, 0.6597874859968821, 0.6623882551987966, 0.6628042956193289, 0.6182493021090826, 0.6616336603959402, 0.6633815765380859, 0.6622283856074015, 0.6631680130958557, 0.6636003454526266, 0.663938065369924, 0.6640026172002157, 0.6643695731957754, 0.6645967662334442, 0.6635547975699106, 0.6647238830725352, 0.663477341334025, 0.6637380123138428, 0.6651766002178192, 0.6638689041137695, 0.66324183344841, 0.6637259026368459, 0.664503276348114, 0.6635098159313202, 0.6643841862678528, 0.663277397553126, 0.6633222500483195, 0.663518100976944, 0.6641176243623098, 0.6641530493895212, 0.6636713544527689, 0.6637001832326254, 0.6636141240596771, 0.6640078127384186, 0.6634964545567831, 0.663623700539271, 0.6644488573074341, 0.6637538969516754, 0.663734902938207, 0.6635549366474152, 0.6644377609093984, 0.6630015472571055, 0.6631988187630972, 0.664435088634491, 0.6637747089068095, 0.6636135677496592, 0.6642881631851196, 0.6631421446800232, 0.6642121076583862, 0.6639408767223358, 0.6630850533644358, 0.663845290740331, 0.6643044551213583, 0.663899819056193, 0.6641388436158498, 0.6633024315039316, 0.6640213032563528, 0.6631356676419576, 0.6642382641633352, 0.6632169485092163, 0.6637503703435262, 0.6638918121655782, 0.6631487508614858, 0.6645783682664236, 0.6639020840326945, 0.6635827918847402, 0.6637036899725596, 0.6637384196122488, 0.6638528605302175, 0.6635479032993317, 0.6642385323842367, 0.6641041239102682, 0.6627112130324045, 0.6645438969135284, 0.6637048125267029, 0.6624996066093445, 0.664730062087377, 0.6634113788604736, 0.6645316680272421, 0.6635522842407227, 0.6632183492183685, 0.6641194423039755, 0.6636484364668528, 0.663079579671224, 0.6647219161192576, 0.6640805105368296, 0.6632464528083801, 0.6640027463436127, 0.6640653212865194, 0.6634555359681448, 0.6638087133566538, 0.6633524894714355, 0.6644848585128784, 0.662954181432724, 0.6642760833104452, 0.6635705530643463], "val_losses": [0.5024538040161133, 0.49762431532144547, 0.4971347401539485, 0.49743151913086575, 0.49735773106416065, 0.49718843400478363, 0.4968809187412262, 0.49630965540806454, 0.49692558000485104, 0.49675600975751877, 0.49653102705876034, 0.49617663274208706, 0.4960901414354642, 0.49599748849868774, 0.4959162175655365, 0.4958370427290599, 0.49576682845751446, 0.49572152892748517, 0.49568699300289154, 0.49564464141925174, 0.49560167888800305, 0.49555689841508865, 0.4955135186513265, 0.49546626458565396, 0.49541609982649487, 0.4954108272989591, 0.4954052021106084, 0.4953992987672488, 0.4953931967417399, 0.4953872660795848, 0.4953801284233729, 0.4953734179337819, 0.49536645660797757, 0.4953586359818776, 0.4953513517975807, 0.4953436478972435, 0.4953349232673645, 0.4953263079126676, 0.4953175112605095, 0.49530740827322006, 0.4952986066540082, 0.49528828759988147, 0.4952770819266637, 0.4952661246061325, 0.49525456378857297, 0.49524252613385517, 0.49522992720206577, 0.49521597226460773, 0.4952022309104602, 0.4951874812444051, 0.49518610537052155, 0.49518418063720065, 0.49518226832151413, 0.49518099427223206, 0.49517929802338284, 0.49517742296059925, 0.49517549326022464, 0.4951738590995471, 0.4951721901694934, 0.4951702728867531, 0.49516866356134415, 0.4951663389801979, 0.49516482402880985, 0.495162270963192, 0.49516023447116214, 0.49515825510025024, 0.49515604227781296, 0.49515388160943985, 0.49515190720558167, 0.4951491008202235, 0.4951469376683235, 0.4951443125804265, 0.49514194826285046, 0.4951394076148669, 0.49513668318589527, 0.49513639509677887, 0.4951360821723938, 0.4951357990503311, 0.4951355482141177, 0.495135265092055, 0.495134969552358, 0.49513469139734906, 0.4951344405611356, 0.4951341971755028, 0.49513398855924606, 0.4951336657007535, 0.49513352165619534, 0.49513329068819684, 0.4951330895225207, 0.4951328585545222, 0.49513261516888935, 0.49513241400321323, 0.49513212591409683, 0.4951317583521207, 0.49513137340545654, 0.49513109773397446, 0.4951307997107506, 0.495130533973376, 0.49513015399376553, 0.4951298112670581],