{"train_losses": [0.6675006638873707, 0.6518027836626227, 0.6366003643382679, 0.6208357648415999, 0.6056348952380094, 0.5901162407614968, 0.5741390694271434, 0.5577051476998762, 0.541880190372467, 0.5261435075239702, 0.5107554630799727, 0.4954262375831604, 0.4864500246264718, 0.4850200929424979, 0.4838404249061238, 0.48219792409376666, 0.4809651727026159, 0.4794153787873008, 0.4779127998785539, 0.4763967205177654, 0.4749202782457525, 0.47362328117544, 0.4721097323027524, 0.4707217812538147, 0.4694357162172144, 0.46853545849973505, 0.4682241542772813, 0.4681135497309945, 0.4681983861056241, 0.4677818769758398, 0.46796025742184033, 0.46763294393366034, 0.4675873870199377, 0.4674770046364177, 0.46750886602835223, 0.4671534083106301, 0.46717839620330115, 0.4668538218194788, 0.4665917591615157, 0.46636897325515747, 0.4662886614149267, 0.46622446179389954, 0.4662912731820887, 0.46609689430757, 0.4659734178673137, 0.46580403501337225, 0.46549162539568817, 0.4653548679568551, 0.4652950736609372, 0.4650783728469502, 0.4652552225373008, 0.4650279364802621, 0.4650809033350511, 0.46503961899063806, 0.4651693051511591, 0.46498135003176605, 0.4650460562922738, 0.4649666222659024, 0.4650748941031369, 0.4651335830038244, 0.46481816606088117, 0.4648601087656888, 0.46487239274111664, 0.46507988192818384, 0.46510721065781335, 0.4649283777583729, 0.4647530506957661, 0.4648034762252461, 0.4646757651459087, 0.46474298563870514, 0.46482852643186395, 0.46464731747453863, 0.46446455879644916, 0.46483114361763, 0.4647442346269434, 0.46463545073162427, 0.46477602557702496, 0.4646400917660106, 0.46469230543483386, 0.46470982107249176, 0.46448899670080707, 0.46476297215981915, 0.4648610570214011, 0.4648145545612682, 0.464862660928206, 0.4645779187029058, 0.46478756991299713, 0.464592307806015, 0.4648927531459115, 0.4647321267561479, 0.4649622006849809, 0.4648894559253346, 0.46483916586095636, 0.4645895443179391, 0.4647722162983634, 0.4646546190435236, 0.464752969416705, 0.4647445028478449, 0.4649416587569497, 0.4647506692192771], "train_ssim_scores": [0.8604908856478605, 0.8638322190804915, 0.8671531623060053, 0.8703134222464128, 0.8736755847930908, 0.8771222504702482, 0.8807246414097872, 0.8844752745194868, 0.8883714513345198, 0.892007746479728, 0.8956672874363986, 0.8992363973097368, 0.9012891758571971, 0.9016288464719598, 0.9020252552899447, 0.9023281119086526, 0.9027392972599376, 0.9030192386020314, 0.9033438021486456, 0.9036761142990806, 0.9039683016863737, 0.904324780810963, 0.9046423489397223, 0.9049625938588922, 0.9053101377053694, 0.9054995450106534, 0.9054870713840831, 0.9055244001475248, 0.9056299220431935, 0.9055744680491361, 0.9057453003796664, 0.9056979688731107, 0.9057211767543446, 0.9057881236076355, 0.9058602452278137, 0.9058306542309847, 0.9059186415238814, 0.9059178504076871, 0.9058958454565569, 0.9059085575017062, 0.9059529954736883, 0.9059914458881725, 0.9060883142731406, 0.9061265696178783, 0.9061864180998369, 0.9061650254509666, 0.9061881520531394, 0.9061916091225364, 0.9062557112086903, 0.9062832322987643, 0.9063860286365856, 0.906310195272619, 0.9062928503209894, 0.9063410433855924, 0.9063946062868292, 0.9063504988496954, 0.9063829237764532, 0.906305269761519, 0.906362923708829, 0.9064003933559764, 0.9063176837834445, 0.9062865484844554, 0.9063297347588972, 0.9063992337747053, 0.9064182043075562, 0.9063602523370222, 0.9063226851550016, 0.906354779546911, 0.9063390005718578, 0.9063489437103271, 0.9063596617091786, 0.9063323790376837, 0.9062571200457487, 0.906431956724687, 0.9063789519396696, 0.9063684290105646, 0.9063866626132618, 0.9063345464793119, 0.9063686674291437, 0.9063647551970049, 0.9063678708943453, 0.9064168334007263, 0.9064510356296193, 0.9064243002371355, 0.9064504233273593, 0.9063782041723077, 0.9064194072376598, 0.9063656655224887, 0.9064511873505332, 0.9064124118198048, 0.9064553109082308, 0.9064462401650168, 0.9064584536985918, 0.9063525199890137, 0.906429572538896, 0.9063938639380715, 0.9063960097052834, 0.9064184047959067, 0.9064842354167592, 0.9064137014475736], "val_losses": [0.6586342597829884, 0.6431041174921496, 0.6278287768363953, 0.6125728857928309, 0.597176062649694, 0.5813799993745212, 0.5651259586728853, 0.5488487214877688, 0.5330580966225986, 0.5174449785002346, 0.5021037880716652, 0.4869851511100243, 0.4855212189000228, 0.4840763683976798, 0.48263804974227115, 0.4811949863516051, 0.4797593190752227, 0.4783345841128251, 0.47690599745717543, 0.4755053037199481, 0.4740699457711187, 0.47267135977745056, 0.47125904724515716, 0.4698580215717184, 0.46845897004522125, 0.468323219439079, 0.4681741153371745, 0.4680399452817851, 0.4678981704958554, 0.4677495031521238, 0.4675964466456709, 0.4674660172955743, 0.4673315317466341, 0.4672070310033601, 0.46704914446534784, 0.46690672533265476, 0.4667701967831316, 0.4666309706095991, 0.46647808469575025, 0.46633272027147227, 0.4661944446892574, 0.4660679739097069, 0.46594452549671306, 0.46578178220781785, 0.4656392315338398, 0.465491508615428, 0.46535554939302903, 0.46520233873663275, 0.4650570010316783, 0.46492600954812147, 0.46491184316832446, 0.46490301962556513, 0.4648912076292367, 0.46487519556078416, 0.46486005187034607, 0.46485087378271694, 0.4648427541913657, 0.4648357321476114, 0.4648112089469515, 0.46479447956742914, 0.4647841453552246, 0.464766846648578, 0.464753152995274, 0.4647347721560248, 0.464727272247446, 0.46471759163100146, 0.46470992010215234, 0.46469407451563866, 0.46468169421985234, 0.46466046160665053, 0.46463650670544854, 0.46461554025781565, 0.46459888487026607, 0.464584828450762, 0.4645780602405811, 0.46457697913564483, 0.46457638925519484, 0.46457582403873576, 0.46457472340814, 0.46456707448794926, 0.4645668936186823, 0.46456415488802155, 0.46456340571929666, 0.4645630008187787, 0.46456290319048127, 0.4645629545737957, 0.4645629247714733, 0.46456102667183713, 0.46456070603995486, 0.46456056730500583, 0.464560376159076, 0.46454984566261026, 0.4645498148326216, 0.4645497768089689, 0.46454861862906094, 0.4645466372884553, 0.4645450670143654, 0.46454503001837893, 0.46454023492747337, 0.46453987421660586],