{"train_losses": [0.7247430498783405, 0.7118751314970163, 0.7106438875198364, 0.7104322405961844, 0.7102197041878333, 0.7100950112709632, 0.7100735306739807, 0.7100608486395615, 0.7100585561532241, 0.7100562911767226], "train_ssim_scores": [0.8506795534720788, 0.8532957342954782, 0.8535448221059946, 0.8535875494663532, 0.85363042813081, 0.8536555675359873, 0.8536598819952744, 0.8536624312400818, 0.8536628897373493, 0.8536633665745075], "val_losses": [0.713985542456309, 0.7118765910466512, 0.7116652329762777, 0.711452841758728, 0.7112396558125814, 0.7112181782722473, 0.7111966609954834, 0.7111943364143372, 0.7111920714378357, 0.7111897667249044], "val_ssim_scores": [0.8535743753115336, 0.8540000518163046, 0.854042629400889, 0.8540853460629781, 0.8541282415390015, 0.8541325529416403, 0.8541368444760641, 0.8541373610496521, 0.8541377782821655, 0.8541383147239685]}