{"train_losses": [0.9525644302368164], "train_scores": [0.9525644302368164], "val_losses": [0.9181967079639435], "val_scores": [0.9181967079639435]}