{"train_losses": [0.7398915212662494, 0.6603291787084986, 0.5884708938051443, 0.508651184742568, 0.4287282135642943, 0.3592214134872937, 0.30181812262925944, 0.2559497285573209, 0.21992625613681605, 0.1919956368501069, 0.1706721110910666, 0.15456216403695403, 0.14731034783066296, 0.14604264790894556, 0.144792232601369, 0.14349935118292198, 0.14224412304456116, 0.1410040479214465, 0.13979313485935085, 0.1386387120993411, 0.13756138379456567, 0.13648524367418446, 0.1354668125754497, 0.1345173809372011, 0.13354896717384213, 0.13305971539411388, 0.13296268611657816, 0.13287103737964004, 0.13278504131270236, 0.13269662050927272, 0.13259213429982544, 0.13250783574385722, 0.1324080096893623, 0.13233403299675614, 0.1322347558424121, 0.13211815840885288, 0.13206818944118062, 0.131962636699442, 0.1318905749281899, 0.13178242523162093, 0.13169580991150903, 0.13162571631494116, 0.1315303989609734, 0.13143351698508027, 0.131360333473956, 0.131261266645838, 0.13118579592861113, 0.1311034118054343, 0.1310187453617815, 0.13092676635648384, 0.1308778480428164, 0.13088148905605565, 0.13085982203483582, 0.1308506311940365, 0.13083983298207894, 0.13085322155327092, 0.13082227306287797, 0.13082547827822263, 0.13080131274754883, 0.13081874295336302, 0.13079323753958844, 0.13078640938782302, 0.13077189663394553, 0.130784914386077, 0.13077080494067708, 0.13075575061508868, 0.130749446202497, 0.1307510000760438, 0.13070243523746242, 0.13074050843715668, 0.13070268635867072, 0.1307069837558465, 0.13070960684877928, 0.13067267224436901, 0.13068535679676493, 0.13066266696961198, 0.1306752789704526, 0.1306842225985449, 0.13067341827955403], "train_ssim_scores": [0.8470835324193611, 0.8628786821834377, 0.8781637109693934, 0.8967907848905344, 0.9155921506100013, 0.9321031472722038, 0.9456253882314338, 0.9564853203101237, 0.9650933273503037, 0.9718603892404525, 0.9770875446131972, 0.9810657784587047, 0.9829120450332517, 0.9832083670819391, 0.9835365395076939, 0.9838498938279073, 0.9841902637090839, 0.9845000339336083, 0.9848018259298607, 0.9851101040840149, 0.9853737735357441, 0.9856604533117326, 0.9859152162661318, 0.9861748140366351, 0.9864053628483757, 0.9865491038463154, 0.9865567938226169, 0.986586838472085, 0.986621012453173, 0.9866313973411185, 0.9866636170715583, 0.9866758936741313, 0.986703381186626, 0.9867322386288252, 0.9867619793923175, 0.9867632389068604, 0.98680352089835, 0.9868251241621424, 0.9868513863594806, 0.9868648257411894, 0.9868884282033952, 0.9869219260137589, 0.9869365389229822, 0.9869540695284234, 0.9869891502818123, 0.9870054047615802, 0.9870251153336197, 0.9870503818402525, 0.9870744464827366, 0.9870962060865809, 0.9871085403395481, 0.98710883250002, 0.9871135119531975, 0.9871128826844887, 0.9871114951665284, 0.9871221399698101, 0.9871139409112148, 0.9871323909915861, 0.9871168175681693, 0.9871241362368475, 0.9871306790680182, 0.9871301279693353, 0.9871307552837935, 0.9871368681798216, 0.9871397096602643, 0.9871396871863819, 0.9871379176124198, 0.987147762150061, 0.9871424759020571, 0.9871465280407765, 0.9871467537567263, 0.98716409577698, 0.9871520820211191, 0.9871505479343602, 0.9871541554810571, 0.9871573985600081, 0.9871601843443073, 0.9871616998656851, 0.9871648550033569], "val_losses": [0.6977996428807577, 0.6262100219726563, 0.5501916249593098, 0.467925829688708, 0.39232255121072135, 0.3287870744864146, 0.2773494064807892, 0.23667442351579665, 0.20493442565202713, 0.1804975872238477, 0.16193873981634777, 0.14805926730235416, 0.1468440944949786, 0.14558131098747254, 0.1442931945125262, 0.14301046431064607, 0.1417446290453275, 0.14051866978406907, 0.1393372545639674, 0.13819944262504577, 0.13711534639199574, 0.13607091655333836, 0.13507244139909744, 0.134109661479791, 0.13318792581558228, 0.13310025135676065, 0.13300813237826029, 0.13291685283184052, 0.13282682100931803, 0.13273186683654786, 0.13264065831899643, 0.13254832327365876, 0.13245836744705836, 0.1323654572168986, 0.13227631201346715, 0.132185859978199, 0.13209826350212098, 0.1320060282945633, 0.13191972225904464, 0.13183034112056097, 0.13174454669157665, 0.13165658762057622, 0.13156870901584625, 0.13148205528656642, 0.1313957447806994, 0.13130963891744613, 0.13122298220793407, 0.13113690614700318, 0.13105405519406002, 0.130967482427756, 0.13095605472723643, 0.1309508388241132, 0.13093976229429244, 0.1309328774611155, 0.13092211087544758, 0.13091732164223988, 0.13090679297844568, 0.13090037554502487, 0.13088903774817784, 0.1308838854233424, 0.1308725486199061, 0.130866206685702, 0.13085506210724512, 0.13085147390762966, 0.13083967318137488, 0.13083328406016032, 0.1308213343222936, 0.13081655104955037, 0.1308056225379308, 0.13079849779605865, 0.13078775256872177, 0.13078331251939138, 0.13077182173728943, 0.1307649274667104, 0.13075417379538218, 0.13075301696856817, 0.13075203597545623, 0.13075192173322042, 0.13075100580851237], "val_ssim_scores": [0.8560921947161356, 0.8706735412279765, 0.8876631796360016, 0.9070501585801443, 0.924893448750178, 0.9398010989030202, 0.9518552442391713, 0.961439182360967, 0.9689992030461629, 0.9748930732409159, 0.9794144729773203, 0.982845562696457, 0.9831466356913249, 0.9834617892901103, 0.9837869505087534, 0.9841050446033478, 0.9844244460264842, 0.9847299555937449, 0.9850282271703085, 0.9853136857350667, 0.9855863869190216, 0.9858503202597301, 0.9861049811045329, 0.9863486031691233, 0.9865833560625712, 0.9866053998470307, 0.9866284728050232, 0.9866516729195912, 0.9866736630598704, 0.9866980691750844, 0.9867213845252991, 0.9867451667785645, 0.9867679854234059, 0.9867922782897949, 0.9868154128392538, 0.9868384758631389, 0.986861236890157, 0.9868843793869019, 0.9869065960248311, 0.9869291166464488, 0.9869502981503805, 0.9869732677936554, 0.9869960327943166, 0.9870192269484203, 0.9870414654413859, 0.9870637019475301, 0.9870858351389568, 0.9871085663636525, 0.9871293445428212, 0.9871523300806682, 0.9871554036935171, 0.9871567229429881, 0.9871594289938609, 0.987161123752594, 0.9871636748313903, 0.9871646225452423, 0.9871671338876088, 0.9871685942014058, 0.9871714770793915, 0.9871728201707204, 0.9871752599875132, 0.9871768712997436, 0.987179716428121, 0.9871807098388672, 0.9871836940447489, 0.9871851483980815, 0.9871877551078796, 0.9871888478597005, 0.9871915737787883, 0.987193477153778, 0.98719615538915, 0.987197490533193, 0.9872004806995391, 0.987202109893163, 0.9872047523657481, 0.9872050344944, 0.9872052689393361, 0.9872052768866221, 0.9872055133183797]}