{"train_losses": [0.50996533036232, 0.503205011288325, 0.4990543822447459, 0.49817119042078656, 0.49793676535288495, 0.4979553123315175, 0.4977867007255554, 0.4976711869239807, 0.4975103437900543, 0.4973413546880086, 0.49720824758211773, 0.4970468779404958, 0.4968097408612569, 0.4967654347419739, 0.4968549907207489, 0.49680591622988385, 0.49667205413182575, 0.49667590856552124, 0.4965948661168416, 0.4964495102564494, 0.4965928792953491, 0.4965272843837738, 0.4963087240854899, 0.49611878395080566, 0.4960262676080068, 0.49579089879989624, 0.49618889888127643, 0.4957748552163442, 0.49564261237780255, 0.4924595852692922, 0.4921014904975891, 0.491459717353185, 0.4911811153093974, 0.4908689161141713, 0.4910278817017873, 0.4905461172262828, 0.49036307136217755, 0.49028225739796955, 0.4902624984582265, 0.49004363020261127, 0.4898105561733246, 0.4897337257862091, 0.4894253710905711, 0.4892456630865733, 0.48895562688509625, 0.48887404799461365, 0.48847665389378864, 0.4881917138894399, 0.4880051116148631, 0.4876948694388072, 0.4873908460140228, 0.48740145564079285, 0.48740922411282855, 0.4873880942662557, 0.4872944851716359, 0.48732706904411316, 0.48717279235521954, 0.48715831836064655, 0.487201193968455, 0.48719027638435364, 0.48710596561431885, 0.48708104093869525, 0.4870888292789459, 0.48701878388722736, 0.48696263631184894, 0.48697859048843384, 0.486919363339742, 0.48687006036440533, 0.4868748386700948, 0.48683175444602966, 0.4868357479572296, 0.48672065138816833, 0.48675021529197693, 0.48663632074991864, 0.48674243688583374, 0.48663562536239624, 0.4866040845712026, 0.48664509256680805, 0.48659435907999676, 0.48665191729863483, 0.48664753635724384, 0.48665669560432434, 0.48652632037798565, 0.4866137405236562, 0.48663946986198425, 0.4865406354268392, 0.4866480529308319, 0.48659297823905945, 0.48661550879478455, 0.48650548855463666, 0.4866126279036204, 0.48658011356989544, 0.48655932148297626, 0.4866705040136973, 0.48645010590553284, 0.4866436223189036, 0.48650746544202167, 0.48658959070841473, 0.48661428689956665, 0.4864951968193054], "train_scores": [0.6537549396355947, 0.6543870766957601, 0.6551454663276672, 0.6542502741018931, 0.652695099512736, 0.6556829810142517, 0.6546810567378998, 0.6541611353556315, 0.653823971748352, 0.6535215377807617, 0.6552531719207764, 0.6545415818691254, 0.6539377272129059, 0.6539236605167389, 0.6542834440867106, 0.655052383740743, 0.6537636617819468, 0.6541477739810944, 0.6549964348475138, 0.6535713175932566, 0.655000219742457, 0.6538938581943512, 0.6509072581926981, 0.642478366692861, 0.631789376338323, 0.6310603618621826, 0.6301125884056091, 0.629922221104304, 0.631586899360021, 0.632664312918981, 0.6168476839860281, 0.6254063447316488, 0.6292176842689514, 0.6237624486287435, 0.6218369603157043, 0.6234961648782095, 0.6247865756352743, 0.6223588486512502, 0.6222303609053293, 0.6224131286144257, 0.6216219663619995, 0.6212153633435568, 0.6208897531032562, 0.621682862440745, 0.6196527580420176, 0.6188139418760935, 0.61806920170784, 0.6183249453703562, 0.6179236769676208, 0.6166225870450338, 0.6160698731740316, 0.6161722342173258, 0.6168159047762553, 0.6163808802763621, 0.6166081031163534, 0.616661528746287, 0.6170012056827545, 0.6168128053347269, 0.6165441373984019, 0.6172594825426737, 0.6167343457539877, 0.6166273653507233, 0.6166757245858511, 0.616723378499349, 0.616722951332728, 0.6163149575392405, 0.6167446076869965, 0.6167623301347097, 0.6173299352327982, 0.6165564954280853, 0.616301029920578, 0.6164863506952921, 0.6165379285812378, 0.6164030929406484, 0.6169858773549398, 0.6162400046984354, 0.6159869432449341, 0.6168298125267029, 0.6166897813479105, 0.6160991191864014, 0.6167089144388834, 0.6158802211284637, 0.6167540351549784, 0.6171155174573263, 0.6157543857892355, 0.616782158613205, 0.6163209875424703, 0.6164137919743856, 0.6165752013524374, 0.6174724896748861, 0.6157606939474741, 0.6164268652598063, 0.616336315870285, 0.6161815226078033, 0.6165441274642944, 0.6170105040073395, 0.616209497054418, 0.616591215133667, 0.6163598001003265, 0.6157868603865305], "val_losses": [0.5007939065496126, 0.5011484970649084, 0.49921425928672153, 0.49794376641511917, 0.49810445060332614, 0.4979518304268519, 0.4979996457695961, 0.49775397529204685, 0.49760575592517853, 0.4974774147073428, 0.4972535197933515, 0.4970673496524493, 0.4970327317714691, 0.4969904149572055, 0.4969465533892314, 0.49690910428762436, 0.49686310688654584, 0.49681105216344196, 0.4967536653081576, 0.4966805651783943, 0.49659544477860135, 0.4964786693453789, 0.49633269508679706, 0.4961140751838684, 0.4960300028324127, 0.4959990109006564, 0.495947207013766, 0.49582915008068085, 0.4944162691632907, 0.49218910187482834, 0.4919760276873906, 0.4912559588750203, 0.49108080317576724, 0.4910560001929601, 0.4908381352821986, 0.49069759498039883, 0.4905637775858243, 0.49044929693142575, 0.4902931849161784, 0.49013549586137134, 0.48998700579007465, 0.48984028895696, 0.48964060346285504, 0.48944657544294995, 0.48924930145343143, 0.48904414226611453, 0.48874520013729733, 0.4884751041730245, 0.48819416016340256, 0.4879355231920878, 0.48789405326048535, 0.48785469432671863, 0.4878204067548116, 0.48779358466466266, 0.48775894443194073, 0.48772282153367996, 0.4876907840371132, 0.4876588011781375, 0.4876301810145378, 0.4876001129547755, 0.4875679463148117, 0.4875362515449524, 0.48750554273525876, 0.487475444873174, 0.48744092384974164, 0.4874116778373718, 0.4873780558506648, 0.4873422061403592, 0.4873085841536522, 0.4872806817293167, 0.4872528811295827, 0.48721135904391605, 0.4871758942802747, 0.4871443485220273, 0.4871189345916112, 0.4871154949069023, 0.48711085816224414, 0.4871061146259308, 0.4871012916167577, 0.4870970572034518, 0.4870937416950862, 0.48708981772263843, 0.48708512137333554, 0.48708118746678036, 0.48707763602336246, 0.4870740994811058, 0.4870702748497327, 0.48706719775994617, 0.4870633582274119, 0.4870600625872612, 0.48705625037352246, 0.48705264429251355, 0.4870483900109927, 0.48704470445712406, 0.48704076806704205, 0.4870370576779048, 0.48703306913375854, 0.4870292693376541, 0.4870254049698512, 0.4870217541853587],