{"train_losses": [0.7191782914675199, 0.7062936425209045, 0.7050250676962045, 0.7048070980952337, 0.7045886333172138, 0.7044607538443345, 0.7044387322205764, 0.7044257246530973, 0.7044233542222244, 0.704421002131242], "train_ssim_scores": [0.8527586872761066, 0.8553632406088022, 0.8556197652449975, 0.8556638589272132, 0.8557080122140738, 0.8557339035547696, 0.8557383739031278, 0.8557409827525799, 0.8557414550047654, 0.855741941011869], "val_losses": [0.7078458666801453, 0.7056732773780823, 0.7054550250371298, 0.7052362958590189, 0.705017069975535, 0.7049949765205383, 0.7049728830655416, 0.7049704988797506, 0.7049681146939596, 0.7049657305081686], "val_ssim_scores": [0.8552369872728983, 0.855676015218099, 0.855720063050588, 0.8557642300923666, 0.8558086156845093, 0.8558130264282227, 0.8558174967765808, 0.8558180133501688, 0.8558184305826823, 0.8558189471562704]}