{"train_losses": [0.8609024394642223, 0.843167245388031, 0.8261770443482832, 0.8091676993803545, 0.7925287701866843, 0.7755977836522189, 0.7587916417555376, 0.7410733212124218, 0.7237543138590726, 0.7061058553782377, 0.6889829689806158, 0.6712022532116283, 0.6615246534347534, 0.6595498594370756, 0.6576107577844099, 0.6560385498133573, 0.6544473496350375, 0.6528813676400618, 0.6510558724403381, 0.6494514833797108, 0.6473677429285917, 0.6459463184530084, 0.6443917751312256, 0.6425739580934698, 0.6408597122539174, 0.6400281895290721, 0.6396951350298795, 0.6400255344130776, 0.6395004716786471, 0.639507835561579, 0.6392859274690802, 0.6388204639608209, 0.6388850157911127, 0.6387243108315901, 0.6383387500589545, 0.6382009224458174, 0.6382227106527849, 0.6377083659172058, 0.6378891576420177, 0.6376313242045316, 0.6378570578315041, 0.6373141678896818, 0.6371679414402355, 0.6374381022019819, 0.6364615017717535, 0.636791240085255, 0.6364151293581183, 0.6362848769534718, 0.6360842693935741, 0.6359988938678395, 0.6358166499571367, 0.6356574296951294, 0.6356828104365956, 0.6358498660000887, 0.6359495032917369, 0.6356299356980757, 0.6357180313630537, 0.6355973102829673, 0.6355736797506158, 0.6360483548857949, 0.635879397392273, 0.6355194341052662, 0.6355551047758623, 0.6358614997430281, 0.6355592229149558, 0.6356139237230475, 0.6355839750983499, 0.6354854052717035, 0.6356689171357588, 0.6354323463006453, 0.6358464631167325, 0.6356397000226107, 0.6354561773213473, 0.6357712203806097, 0.6355533654039557, 0.6354857954111967, 0.6357652978463606, 0.6353439742868597, 0.6356003717942671, 0.6355225768956271, 0.6357655958695845, 0.6353262771259655, 0.6353906501423229, 0.6353189620104703, 0.6353372552178123, 0.6356771859255704, 0.6356171044436368, 0.6357127211310647, 0.6353014653379266, 0.6351890672336925, 0.6356402147899974, 0.635319243777882, 0.6355733925646002, 0.6356866142966531, 0.6354176293719899, 0.6355607997287404, 0.6353767568414862, 0.6351312019608237, 0.6355790495872498, 0.6352689212018793], "train_ssim_scores": [0.8210375850850885, 0.82459895177321, 0.8281939300623807, 0.8318143107674338, 0.8354762738401239, 0.8392022414640947, 0.8430982828140259, 0.8467716141180559, 0.8506822531873529, 0.8545481074940074, 0.8585448536005887, 0.8624195835807107, 0.8649137887087736, 0.8651763200759888, 0.8655149936676025, 0.8659288341348822, 0.866344917904247, 0.8667579022320834, 0.8670874671502546, 0.8674812750382856, 0.8677443753589283, 0.868189508264715, 0.868582931431857, 0.8689014207233082, 0.8692542260343378, 0.8695374402132902, 0.8695251833308827, 0.8696948344057257, 0.8696543736891313, 0.8697104833342812, 0.8697399767962369, 0.8696822415698658, 0.8697872378609397, 0.869822854345495, 0.8698079694401134, 0.8698448755524375, 0.8699351224032316, 0.8698807575485923, 0.8700289346955039, 0.8700087883255698, 0.8701521212404425, 0.8701104575937445, 0.8701311674985018, 0.870316743850708, 0.8701093034310774, 0.8703095642003146, 0.8702705719254233, 0.8703328154303811, 0.8703612034971063, 0.8704037287018516, 0.8704198219559409, 0.8703728264028375, 0.8703624931248751, 0.8704479553482749, 0.8704750537872314, 0.8704165166074579, 0.8704171451655301, 0.8704247366298329, 0.8704051808877424, 0.8705646666613492, 0.8705100254579023, 0.8704347664659674, 0.8704544901847839, 0.8704985922033136, 0.870452956719832, 0.870471791787581, 0.8704671155322682, 0.8704868934371255, 0.8705139864574779, 0.8704622333700006, 0.8705488605932756, 0.8705209385265004, 0.8704857717860829, 0.8705971511927518, 0.8705483024770563, 0.8705342195250771, 0.8706221309575167, 0.8705312772230669, 0.8705733906139027, 0.8705352544784546, 0.8706012043085966, 0.8704937425526705, 0.8704972538081083, 0.8704865845766935, 0.870482553135265, 0.8705760782415216, 0.8705665035681291, 0.8706153143535961, 0.8704914125529203, 0.8704552921381864, 0.8705864927985452, 0.8705008355053988, 0.8705630898475647, 0.8705920902165499, 0.8705519383603876, 0.8705625317313455, 0.870504146272486, 0.8704760724847967, 0.8705759265206077, 0.8704711578109048], "val_losses": [0.8500508522165233, 0.8327233298071499, 0.8159113074171132, 0.7991604188392902, 0.7822527351050541, 0.7651102953943713, 0.7478580803706728, 0.7305164994864628, 0.7130838118750473, 0.6956322563105616, 0.67820320663781, 0.6608020026108314, 0.6590705082334322, 0.6573423887121266, 0.6556497586184534, 0.6539547381729915, 0.6522802361126604, 0.650592760793094, 0.6489250433856043, 0.6472564154657824, 0.6455785570473507, 0.6439346445017847, 0.6422707726215494, 0.6406243998428871, 0.6389310544934766, 0.6387723170477768, 0.6386215008538345, 0.6384601757444185, 0.6382894885951075, 0.63810369886201, 0.6379551168145805, 0.6377887705276752, 0.6376123161151491, 0.6374548159796616, 0.6372689707525845, 0.6371287888494032, 0.6369743038868082, 0.6367927481388224, 0.6366215183817107, 0.6364635742943863, 0.6363003007296858, 0.6361248082128065, 0.6359671744807013, 0.6357765917120308, 0.6356252925149326, 0.635466261156674, 0.6353040234795932, 0.6351230247267361, 0.6349689508306569, 0.6347952361764579, 0.6347823924031751, 0.6347785694845791, 0.6347595473815655, 0.6347373312917249, 0.6347104043796145, 0.6346870866315119, 0.6346796915448946, 0.6346625706245159, 0.634644915317667, 0.634635748534367, 0.6346095409886591, 0.6345980866201992, 0.6345819399274629, 0.6345735089532261, 0.6345596539563146, 0.6345384120941162, 0.6345097545919747, 0.6345015250403305, 0.6344917683765806, 0.6344740678524149, 0.6344473711375532, 0.6344276193914742, 0.6344076066181578, 0.6343900109159535, 0.6343645967286209, 0.6343640664528156, 0.6343620748355471, 0.634362046060891, 0.6343620378395607, 0.6343606422687399, 0.634360656656068, 0.634356833737472, 0.6343567515241688, 0.6343566816428612, 0.6343555142139566, 0.6343463433199915, 0.6343463145453354, 0.6343346155922989, 0.6343275822442154, 0.6343270519684101, 0.6343270499130775, 0.6343248157665647, 0.6343246246206349, 0.6343241210641533, 0.6343240820128342, 0.6343228919752713, 0.6343223411461403, 0.6343191163293247, 0.6343181544336779, 0.6343172768066669],