{"train_losses": [0.7395749580664713, 0.6931650316128966, 0.6889141446254292], "train_ssim_scores": [0.8471375391131541, 0.8563926894156659, 0.8572533296757057], "val_losses": [0.6967695732911428, 0.6891468564669291, 0.6883765439192454], "val_ssim_scores": [0.8557129681110383, 0.8572540561358134, 0.8574096699555714]}