{"train_losses": [0.9360729475816091, 0.8767839789390564, 0.8218419512112936, 0.7692597965399425, 0.7195765475432078, 0.671606449286143, 0.6455524464448293, 0.6408832788467407, 0.6362724006175995, 0.6319352289040884, 0.6274067103862763, 0.6230419794718425], "train_scores": [0.9360729475816091, 0.8767839789390564, 0.8218419512112936, 0.7692597965399425, 0.7195765475432078, 0.671606449286143, 0.6455524464448293, 0.6408832788467407, 0.6362724006175995, 0.6319352289040884, 0.6274067103862763, 0.6230419794718425], "val_losses": [0.9058998505274455, 0.823967695236206, 0.7209863464037577, 0.6507384280363718, 0.6396615842978159, 0.5404898305733998, 0.6423266053199768, 0.6381598631540935, 0.6333256403605143, 0.6232755959033967, 0.6205734093983968, 0.624936596552531], "val_scores": [0.9058998505274455, 0.823967695236206, 0.7209863464037577, 0.6507384280363718, 0.6396615842978159, 0.5404898305733998, 0.6423266053199768, 0.6381598631540935, 0.6333256403605143, 0.6232755959033967, 0.6205734093983968, 0.624936596552531]}