{"train_losses": [0.6140240797629724, 0.6022868844179007, 0.6011589031953078, 0.6009667194806613, 0.6007745541059054, 0.6006620159515967, 0.6006426857067988, 0.6006312599548926, 0.6006292242270249, 0.6006271701592666], "train_ssim_scores": [0.8727919963689951, 0.8752694359192481, 0.8755092345751249, 0.8755501141914954, 0.8755910579974835, 0.8756150282346286, 0.875619154710036, 0.8756216076704172, 0.8756220249029306, 0.8756224513053894], "val_losses": [0.6034524838129679, 0.6015221079190572, 0.6013303796450297, 0.6011385718981425, 0.6009464859962463, 0.6009271542231241, 0.6009078025817871, 0.6009057561556498, 0.6009036898612976, 0.6009016434351603], "val_ssim_scores": [0.8756090005238851, 0.8760197559992472, 0.8760606447855631, 0.8761014739672343, 0.8761423826217651, 0.8761465350786845, 0.8761506279309591, 0.8761510650316874, 0.8761514822642008, 0.8761519193649292]}