{"train_losses": [0.6980305337905883, 0.6440977239608765, 0.6362189817428588, 0.6319697976112366, 0.6239625239372253, 0.6466492247581482, 0.6411629295349122, 0.6387348222732544, 0.637243480682373, 0.6360292315483094, 0.6360108113288879, 0.6351586055755615, 0.6342484784126282, 0.6328850793838501, 0.6315907454490661, 0.6304256129264831, 0.6304532241821289, 0.6293954539299011, 0.6285720634460449, 0.6274366998672485, 0.6269730448722839, 0.6261409640312194, 0.6256362199783325, 0.625940465927124, 0.6247758531570434, 0.6249132657051086, 0.6249191856384277, 0.6247060823440552, 0.6249684357643127, 0.6248065853118896, 0.6243885016441345, 0.6249416828155517, 0.6243933176994324, 0.6248612070083618, 0.6244391846656799, 0.6248574447631836, 0.6245824098587036, 0.624435715675354, 0.6242674970626831, 0.6246917700767517, 0.6244053268432617, 0.6244145178794861, 0.6249194836616516, 0.6239794850349426, 0.6249680352210999, 0.6239486241340637, 0.6248569250106811, 0.6244545078277588, 0.6245085835456848, 0.6244163846969605], "train_scores": [0.5908172714710236, 0.658775110244751, 0.6623496413230896, 0.66459237575531, 0.6649404811859131, 0.6511359512805939, 0.6591905570030212, 0.6606631326675415, 0.6638679671287536, 0.664827094078064, 0.6641273927688599, 0.664568088054657, 0.6644482302665711, 0.6644402694702148, 0.6644718408584595, 0.6650390076637268, 0.6638914585113526, 0.6643410515785217, 0.6645274543762207, 0.6646474504470825, 0.6641966319084167, 0.6645559358596802, 0.6647916007041931, 0.6639983558654785, 0.6649793529510498, 0.6643984150886536, 0.6645648407936097, 0.6647412538528442, 0.6643492913246155, 0.6645683550834656, 0.6650788259506225, 0.6642776250839233, 0.6650153923034668, 0.6642234945297241, 0.6648594999313354, 0.6641514229774476, 0.6645310997962952, 0.6647110199928283, 0.6649608635902404, 0.6642513036727905, 0.6647751331329346, 0.6646595931053162, 0.6639148068428039, 0.6653001856803894, 0.6639137268066406, 0.6653957486152648, 0.6639609670639038, 0.6646616196632386, 0.6645460820198059, 0.6645475649833679], "val_losses": [0.6427642297744751, 0.6377601742744445, 0.6338490819931031, 0.6281336021423339, 0.6265618038177491, 0.6528580212593078, 0.6392513155937195, 0.6374647307395935, 0.636497700214386, 0.6360424256324768, 0.6355385756492615, 0.6347582221031189, 0.6335759592056275, 0.6318477010726928, 0.630963282585144, 0.6303640580177308, 0.6296742868423462, 0.6290552997589112, 0.6281656408309937, 0.6272651147842407, 0.6265299034118652, 0.6258771991729737, 0.625505976676941, 0.6252500510215759, 0.6249288320541382, 0.624892897605896, 0.6248490762710571, 0.6248305416107178, 0.6248188066482544, 0.6247869396209716, 0.6247589778900147, 0.6247608828544616, 0.6246897673606873, 0.6246732687950134, 0.6246327781677246, 0.6246215343475342, 0.6245731806755066, 0.6245673775672913, 0.6245667576789856, 0.6245608854293824, 0.6245631599426269, 0.6245542788505554, 0.6245597910881042, 0.624548807144165, 0.6245545363426208, 0.6245455408096313, 0.6245579981803894, 0.6245402026176453, 0.62453204870224, 0.6245241713523865], "val_scores": [0.6556635403633118, 0.6596339583396912, 0.6646080350875855, 0.6646010160446167, 0.6618756103515625, 0.6596339583396912, 0.6596339583396912, 0.6642214727401733, 0.6644034171104432, 0.6644131350517273, 0.6646296334266663, 0.664405574798584, 0.6646749782562256, 0.6646679615974427, 0.6646647214889526, 0.6646971178054809, 0.6644050359725953, 0.6646128964424133, 0.664380738735199, 0.6644066596031188, 0.6644493055343628, 0.6646798515319824, 0.6646782231330871, 0.6646814632415772, 0.6646415090560913, 0.6646717381477356, 0.6646798491477967, 0.6647052145004273, 0.6646717381477356, 0.6646722888946534, 0.6646857810020447, 0.6647036004066468, 0.6646717381477356, 0.6646722888946534, 0.6646722888946534, 0.6646830892562866, 0.6646717381477356, 0.6646717381477356, 0.6646409678459168, 0.6646409678459168, 0.664642584323883, 0.6646409678459168, 0.6646409678459168, 0.6646409678459168, 0.664671733379364, 0.6646409678459168, 0.6646409678459168, 0.6646409678459168, 0.6646409678459168, 0.6646409678459168]}