{"train_losses": [0.7140941944989291, 0.6944741389968179, 0.6769468079913746, 0.6620833873748779, 0.6479652144692161, 0.633760620247234, 0.6203591498461637, 0.6066697402433916, 0.5929951288483359, 0.579712678085674, 0.5662699992006476, 0.5527628064155579, 0.5448684421452609, 0.5434391336007551, 0.5423731695521962, 0.5410577763210643, 0.5398522994735024, 0.5383649847724221, 0.5368850231170654, 0.5357822667468678, 0.5344418016347018, 0.5329918753017079, 0.5315834067084573, 0.5304046489975669, 0.5289327881552957, 0.5279206958684054, 0.5281207994981245, 0.5278014919974587, 0.5276719331741333, 0.5276726104996421, 0.5272801139137961, 0.5273752158338373, 0.5272301218726418, 0.527145656672391, 0.5269955071535978, 0.5266079956834967, 0.5266737179322676, 0.5265432325276461, 0.5263894579627297, 0.5264881957661022, 0.5259504534981467, 0.5261121717366305, 0.5259111848744479, 0.5256768410856073, 0.5256183039058339, 0.525419907136397, 0.5253873304887251, 0.525261093269695, 0.5250358418984846, 0.5247404196045615, 0.5248525413599882, 0.5249363238161261, 0.5249850912527605, 0.5248208967122164, 0.5247964859008789, 0.5246732180768793, 0.5248609943823381, 0.524583561853929, 0.524603009223938, 0.5245981541546908, 0.5247875289483503, 0.5245832584121011, 0.5245575146241621, 0.5246141878041354, 0.5245493379506198, 0.5246546539393339, 0.5243496732278303, 0.5244279287078164, 0.5244905352592468, 0.5247641476717863, 0.5245377258820967, 0.5243567390875383, 0.5247042775154114, 0.5244100960818204, 0.5244730494239114, 0.5246453339403326, 0.5246573469855569, 0.5246515436605974, 0.5244237618012861, 0.5244180831042203, 0.5244034637104381, 0.5244150974533774, 0.5241483016447588, 0.5244048617102883, 0.5244331143119119, 0.5243667960166931, 0.524405533617193, 0.5244896953756158, 0.524666125124151, 0.5243721387603066, 0.5245264551856301, 0.5243838212706826, 0.5244483351707458, 0.524498538537459, 0.5246906822377985, 0.5244419249621305, 0.524383848363703, 0.5243935259905729, 0.5245067314668135, 0.5243688225746155], "train_ssim_scores": [0.8526264212348245, 0.8564815358682112, 0.8600678552280773, 0.863079542463476, 0.8659751902927052, 0.868904173374176, 0.8719418373974887, 0.8748331286690452, 0.8777263760566711, 0.8807462020353838, 0.8836706605824557, 0.8866326917301525, 0.8883459730581804, 0.8886179327964783, 0.8889961784536188, 0.8892993656071749, 0.8896325122226368, 0.8899090886116028, 0.8901542370969598, 0.8905123526399786, 0.8908362713727084, 0.891091222112829, 0.8913676847111095, 0.891757916320454, 0.8919725201346658, 0.8921557068824768, 0.892252878709273, 0.8922155553644354, 0.892256113615903, 0.8923315514217723, 0.8922915783795443, 0.8923969756473195, 0.8924098935994235, 0.8924632018262689, 0.8925175233320757, 0.8924350359223105, 0.892523938959295, 0.892575431953777, 0.8925881277431141, 0.8927123654972423, 0.892596569928256, 0.8927003524520181, 0.8927556438879534, 0.8927608674222772, 0.8927814201875166, 0.8927968415347013, 0.8928775082934987, 0.8929115317084573, 0.892898521640084, 0.8929129351269115, 0.8929575681686401, 0.8930217569524591, 0.8930100310932506, 0.8929592045870695, 0.89299706437371, 0.8929440487514843, 0.8930219303477894, 0.8929071480577643, 0.8929435177282854, 0.8929769017479636, 0.8930186087434943, 0.8929595080288973, 0.8929513042623346, 0.8929710008881309, 0.8930084055120294, 0.8930187604644082, 0.8929653709585016, 0.8929415616122159, 0.8929940462112427, 0.8930591182275252, 0.8930415294387124, 0.8929749835621227, 0.893098917874423, 0.8930199254642833, 0.8930228623476896, 0.8930939706889066, 0.8930804187601263, 0.893058484250849, 0.8930099931630221, 0.8930259563706138, 0.8930216594175859, 0.8929981914433566, 0.8929401094263251, 0.8929956717924639, 0.8930264440449801, 0.8929908383976329, 0.8930225751616738, 0.8930569236928766, 0.893088004805825, 0.8930210904641585, 0.8930843255736611, 0.8930223529989069, 0.893054257739674, 0.8930520740422335, 0.8931099447337064, 0.8930361596020785, 0.8930017243732106, 0.893001442605799, 0.8930627324364402, 0.8930064981633966], "val_losses": [0.7032444477081299, 0.6846163231751015, 0.6684887532530159, 0.6545246757310013, 0.6405214605660274, 0.6267879851933184, 0.6131266026661314, 0.5995409673657911, 0.5859908769870626, 0.5725431524474045, 0.5591000688487086, 0.5457742584162745, 0.5444338095599207, 0.543112249209963, 0.5417871783519613, 0.540430081301722, 0.5390992678444961, 0.5377519911733167, 0.5364150178843531, 0.5350546466893163, 0.5337019336634669, 0.5323778226457793, 0.5310122000760046, 0.5296767559544794, 0.5283117725931364, 0.5281886335076957, 0.5280567674801268, 0.5279099735720404, 0.527779353076014, 0.5276362669878992, 0.5275180771433073, 0.5273690244247173, 0.5272365068567211, 0.5271020367227751, 0.526968304453225, 0.5268280300600775, 0.5266924849871931, 0.5265537274294886, 0.5264126699546288, 0.526293066041223, 0.5261311099447054, 0.5259997413076204, 0.5258758232511324, 0.5257406399167818, 0.5255862453888203, 0.5254562784885538, 0.525330964861245, 0.5251921353669002, 0.5250651815841938, 0.5249053486462297, 0.5248941614710051, 0.5248913785506939, 0.5248854201415489, 0.5248529808274631, 0.5248445395765633, 0.5248227078339149, 0.5248122359144276, 0.5248010117432167, 0.5247847191218672, 0.5247700132172683, 0.5247534102406995, 0.5247380445743429, 0.5247346512202559, 0.5247232482351106, 0.5247160422390905, 0.5246947078869261, 0.5246812310712091, 0.5246709523529842, 0.524666336076013, 0.5246471043290764, 0.5246268901331671, 0.5246063943566948, 0.5245988225114757, 0.5245908354890758, 0.5245804745575477, 0.5245803142416066, 0.524579274243322, 0.5245790913187224, 0.5245700889620287, 0.524569819713461, 0.5245678075428667, 0.5245665229600052, 0.5245550891448711, 0.5245548651136202, 0.5245525651964648, 0.5245510195863659, 0.5245501234613615, 0.524547293268401, 0.5245471514504532, 0.5245465101866886, 0.5245449851299154, 0.5245448268693069, 0.5245442595975153, 0.5245442226015288, 0.5245438423650018, 0.524543310033864, 0.5245432812592079, 0.5245415033965275, 0.5245414643452085, 0.5245405045048944],