{"train_losses": [0.6140240797629724], "train_ssim_scores": [0.8727919963689951], "val_losses": [0.6034524838129679], "val_ssim_scores": [0.8756090005238851]}