{"train_losses": [0.7791745500131086, 0.759967408396981, 0.7424263466488231, 0.7269343679601495, 0.7117868499322371, 0.6974132873795249, 0.6837377385659651, 0.6702272187579762, 0.657403599132191, 0.6451641050252047, 0.632896363735199, 0.6203338503837585, 0.6129464181986722, 0.6112795580517162, 0.6099432002414357, 0.6086576851931486, 0.6075134710832075, 0.6062150651758368, 0.604534550146623, 0.603247420354323, 0.6017647873271595, 0.6009267460216176, 0.5994009592316367, 0.5980931574648077, 0.5967192324725065, 0.5958387580784884, 0.5956352353096008, 0.5959415219046853, 0.5954205122860995, 0.595470748164437, 0.5952077182856473, 0.5951224565505981, 0.5950304920023138, 0.5949473272670399, 0.5945082902908325, 0.5946190519766374, 0.5945596694946289, 0.5944293466481295, 0.5942551439458673, 0.5939354517243125, 0.5937639366496693, 0.5935841311107982, 0.593425062569705, 0.5935188260945407, 0.5936697884039446, 0.5933742252263156, 0.5929792360825972, 0.5930462154475126, 0.592615626075051, 0.5926529331640764, 0.5928782224655151, 0.5926525592803955, 0.5925674167546359, 0.5927250656214628, 0.5926830876957286, 0.5926565040241588, 0.592465574091131, 0.5924938917160034, 0.5924392938613892, 0.5924478390000083, 0.5924430056051775, 0.592690727927468, 0.5925338051535867, 0.592172687703913, 0.5924149534919045, 0.5923734144731001, 0.5924950946461071, 0.5924493074417114, 0.5922184803269126, 0.5924286083741621, 0.592372330752286, 0.5923111276193098, 0.5925829735669222, 0.592307144945318, 0.592404918237166, 0.5925630331039429, 0.5923728509382769, 0.5922958309000189, 0.5923405452208086, 0.5921307097781788, 0.5919494412162087, 0.5920749577608976, 0.5925205566666343, 0.5922083421186968, 0.5923982696099714, 0.5920835787599737, 0.5920667973431674, 0.5919054854999889, 0.5924138318408619, 0.5919056697325273, 0.5921461527997797, 0.5922708890654824, 0.5924752842296254, 0.5921412327072837, 0.5921621485189958, 0.5919118252667513, 0.5922058170491998, 0.5924405672333457, 0.5920987942002036, 0.5922402414408597], "train_ssim_scores": [0.8394837867129933, 0.8431227315555919, 0.8463708487423983, 0.8496107838370583, 0.8525430343367837, 0.855379348451441, 0.8581324869936163, 0.8607839616862211, 0.863383488221602, 0.8660050251267173, 0.8686360879377886, 0.8712426153096285, 0.8729684352874756, 0.8731005733663385, 0.8734002926132896, 0.8737313639033925, 0.8740142312916842, 0.8743253241885792, 0.874515874819322, 0.8748310479250822, 0.8750689138065685, 0.8755145994099703, 0.8757360577583313, 0.876041753725572, 0.8763208172538064, 0.8764616630294106, 0.8764890053055503, 0.8765935626896945, 0.8765572851354425, 0.8766407749869607, 0.8766185478730635, 0.8767121921886097, 0.8766829967498779, 0.8767228668386285, 0.8766770796342329, 0.8768261887810447, 0.8768433278257196, 0.8768682859160684, 0.8768726099621166, 0.8768493370576338, 0.8768892179835927, 0.8769116184928201, 0.8769561756740917, 0.8770449486645785, 0.8771518902345137, 0.8771167289127003, 0.8770890886133368, 0.8771491971882907, 0.8770770268006758, 0.8771851225332781, 0.8773043318228289, 0.8772454424337908, 0.8771771409294822, 0.8772422562945973, 0.8772635676644065, 0.877270985733379, 0.8772159869020636, 0.8772548653862693, 0.8772371248765425, 0.8772351091558283, 0.8772362795743075, 0.8773036978461526, 0.8772620829668912, 0.8771750656041232, 0.8772435730153864, 0.8772295225750316, 0.8772946758703752, 0.8772462172941728, 0.8772406903180209, 0.877284743569114, 0.8773086992177096, 0.8772999373349276, 0.8773383498191833, 0.877274215221405, 0.8773103302175348, 0.877359541979703, 0.8773266456343911, 0.8772914518009532, 0.8772999048233032, 0.8772485093636946, 0.877206336368214, 0.8772455995733087, 0.8773496855388988, 0.877272752198306, 0.8772829933599993, 0.8771994764154608, 0.877239628271623, 0.877200489694422, 0.8773467269810763, 0.8771780133247375, 0.8772830963134766, 0.8772864991968329, 0.8773364912379872, 0.8772488344799388, 0.8772357973185453, 0.877195417881012, 0.8772825165228411, 0.8773361173543063, 0.877254150130532, 0.8773082169619474], "val_losses": [0.7695820845406631, 0.751640104014298, 0.7352714333040961, 0.7199303240611635, 0.7053335863968422, 0.6913440700235038, 0.677845811021739, 0.6648183074490778, 0.6521513400406673, 0.6397674679756165, 0.6272746653392397, 0.6145373582839966, 0.6132103698006992, 0.6119276737344677, 0.6105457626540085, 0.6092494746734356, 0.6079395639485327, 0.6066178021759823, 0.6052862056370439, 0.6039603989699791, 0.6026229200692013, 0.601287749306909, 0.5999552648642967, 0.598623368246802, 0.5972973724891399, 0.5971600331109146, 0.5970127788083307, 0.5968895205136003, 0.5967448888153866, 0.5966125891126436, 0.5964550930878212, 0.5963431391222723, 0.5962162654975365, 0.5960999665589168, 0.5959553040307144, 0.5958018960623905, 0.5956851305632755, 0.5955278852890278, 0.5953956040842779, 0.5952537840810316, 0.5951318329778211, 0.5949940414264284, 0.5948707810763655, 0.5947475762202822, 0.5946008213635149, 0.594479895871261, 0.5943236412673161, 0.5941858229965999, 0.5940431253663425, 0.5939257843741055, 0.5939156700824869, 0.593904567175898, 0.5938899003226181, 0.5938828690298672, 0.5938641696140684, 0.5938559133431007, 0.5938424776340353, 0.5938192893718851, 0.5937896966934204, 0.5937760739490904, 0.5937697373587509, 0.5937541908231275, 0.5937407345607363, 0.5937295247768534, 0.5937191926199814, 0.593714099505852, 0.5937075183309358, 0.5936887613658247, 0.5936715541214779, 0.5936373759960306, 0.593627471348335, 0.593620240688324, 0.5935940660279373, 0.5935899923587667, 0.593574661633064, 0.5935744211591524, 0.5935740738079466, 0.593572487091196, 0.593572184957307, 0.5935715190295515, 0.5935697041708847, 0.5935695520762739, 0.5935694904162966, 0.5935691882824076, 0.5935691451204235, 0.5935690752391157, 0.5935687607732313, 0.5935676878896253, 0.593567509075691, 0.5935674803010349, 0.593566592397361, 0.5935659305802707, 0.5935659203036078, 0.5935612197580009, 0.593560712090854, 0.5935607552528381, 0.5935607737508314, 0.5935599557284651, 0.5935593165200332, 0.5935582025297756],