{"train_losses": [0.7234107375144958], "train_ssim_scores": [0.8531940340995788], "val_losses": [0.715100109577179], "val_ssim_scores": [0.8548038154840469]}