{"train_losses": [0.7062355796496074, 0.6347946385542552, 0.6329356948534648, 0.6328457574049632, 0.6326695402463277, 0.6328076541423797, 0.6326203326384227, 0.6328542431195577, 0.6326901714007059, 0.6326669414838155, 0.6327934126059215, 0.6326289117336273, 0.6326783200105032, 0.6326679666837056, 0.6326204558213552, 0.6327099502086639, 0.6325868765513102, 0.6326986114184062, 0.6327142894268036, 0.6326039751370748, 0.6328208724657695, 0.6328359325726827, 0.6326546887556712, 0.6326034287611644, 0.6326177378495534, 0.6327332079410553, 0.6326700727144877, 0.6326002299785614, 0.6326977749665578, 0.6326545377572378, 0.6327653884887695, 0.6326768676439921, 0.6326854030291239, 0.6326623082160949, 0.6327222645282745, 0.6328005651632945], "train_scores": [0.4904494047164917, 0.46298622290293373, 0.4532149692376455, 0.44835869073867796, 0.4447178363800049, 0.4421382327874502, 0.441974272330602, 0.4417481482028961, 0.44129317402839663, 0.4410547832647959, 0.44099663496017455, 0.4407545566558838, 0.4404974361260732, 0.44057714343070986, 0.44051756858825686, 0.440320893128713, 0.4402147571245829, 0.4401017725467682, 0.43992700378100075, 0.43954334457715355, 0.4392936070760091, 0.43891084591547647, 0.4388705710570017, 0.4386566897233327, 0.43842291633288066, 0.4383747239907583, 0.43827143907546995, 0.4383123695850372, 0.4383600910504659, 0.4384094993273417, 0.43833175698916116, 0.43831350803375246, 0.4382203320662181, 0.4381633917490641, 0.43808823823928833, 0.4380290468533834], "val_losses": [0.6385283907254536, 0.6337720195452372, 0.6333790143330892, 0.6333871682484945, 0.6334043443202972, 0.6332865417003631, 0.6333111604054769, 0.6332579970359802, 0.633270937204361, 0.6332341313362122, 0.6332974394162496, 0.6332760492960612, 0.6332287708918254, 0.6332677761713664, 0.6333324035008748, 0.633298401037852, 0.6333480676015218, 0.6332593858242035, 0.6333461423714956, 0.6333151936531067, 0.6332916875680288, 0.6332664012908935, 0.6332854131857554, 0.633221826950709, 0.6332052926222483, 0.6333341022332509, 0.633221306403478, 0.6332418183485667, 0.6332347333431244, 0.6333159069220226, 0.6332504789034525, 0.6332299411296844, 0.6332935651143392, 0.6332362612088521, 0.6332204480965932, 0.6333335856596629], "val_scores": [0.46959293087323506, 0.45699911514918007, 0.45063175360361735, 0.4464056154092153, 0.44262651801109315, 0.44167768557866416, 0.44188690980275475, 0.4413015007972717, 0.441165687640508, 0.4409467776616414, 0.4408182760079702, 0.4404197553793589, 0.4405132313569387, 0.4405807356039683, 0.44034061431884763, 0.44018500049908954, 0.4400955041249593, 0.44003138144810994, 0.4397142132123311, 0.43932245175043744, 0.4389273722966512, 0.43886064489682514, 0.43878415822982786, 0.4384931763013204, 0.4384459952513377, 0.4382416824499766, 0.43824194073677064, 0.43829137484232583, 0.4383985102176666, 0.43830278714497883, 0.4383339027563731, 0.43818780183792116, 0.4382051090399424, 0.43810986876487734, 0.4379895130793254, 0.4378848294417063]}