{"train_losses": [0.7686036137434152, 0.7531338700881371, 0.7516018427335299, 0.7513399903590863, 0.7510778262065008, 0.7509246330994827, 0.7508982695066012], "train_ssim_scores": [0.8441875301874601, 0.8471337648538443, 0.8474267583626968, 0.84747681250939, 0.8475269216757554, 0.8475562334060669, 0.8475612860459548], "val_losses": [0.7466301918029785, 0.7440244853496552, 0.7437642614046732, 0.7435039977232615, 0.743243545293808, 0.7432173589865366, 0.7431911130746206], "val_ssim_scores": [0.8448929985364279, 0.8453952670097351, 0.8454455236593882, 0.845495750506719, 0.8455459773540497, 0.8455510437488556, 0.8455560306708018]}