{"train_losses": [0.7686036137434152, 0.7531338700881371, 0.7516018427335299, 0.7513399903590863, 0.7510778262065008, 0.7509246330994827, 0.7508982695066012, 0.7508827631290143, 0.750879915860983, 0.7508770685929519], "train_ssim_scores": [0.8441875301874601, 0.8471337648538443, 0.8474267583626968, 0.84747681250939, 0.8475269216757554, 0.8475562334060669, 0.8475612860459548, 0.8475642479383029, 0.8475647660402151, 0.8475653345768268], "val_losses": [0.7466302315394083, 0.7440244952837626, 0.7437642812728882, 0.7435039679209391, 0.7432435154914856, 0.7432173490524292, 0.7431911627451578, 0.7431882818539938, 0.7431854605674744, 0.7431826591491699], "val_ssim_scores": [0.8448929786682129, 0.8453953266143799, 0.8454455137252808, 0.8454957604408264, 0.8455459276835123, 0.845551053682963, 0.8455560803413391, 0.8455565969149271, 0.8455571333567301, 0.845557709534963]}